<?xml version="1.0" encoding="UTF-8"?>
<project-private xmlns="http://www.netbeans.org/ns/project-private/1">
    <editor-bookmarks xmlns="http://www.netbeans.org/ns/editor-bookmarks/2" lastBookmarkId="0"/>
    <open-files xmlns="http://www.netbeans.org/ns/projectui-open-files/2">
        <group>
            <file>file:/C:/Users/tigas/OneDrive/Ambiente%20de%20Trabalho/ESINF/TrabESINF/Trabalho%202/TrabESINF%202/test/AnaliseDadosTest.java</file>
            <file>file:/C:/Users/tigas/OneDrive/Ambiente%20de%20Trabalho/ESINF/TrabESINF/Trabalho%202/TrabESINF%202/src/Main.java</file>
            <file>file:/C:/Users/tigas/OneDrive/Ambiente%20de%20Trabalho/ESINF/TrabESINF/Trabalho%202/TrabESINF%202/src/AnaliseDados.java</file>
            <file>file:/C:/Users/tigas/OneDrive/Ambiente%20de%20Trabalho/ESINF/TrabESINF/Trabalho%202/TrabESINF%202/test/CountryTest.java</file>
            <file>file:/C:/Users/tigas/OneDrive/Ambiente%20de%20Trabalho/ESINF/TrabESINF/Trabalho%202/TrabESINF%202/src/Country.java</file>
        </group>
    </open-files>
</project-private>
